,rms,ma,map,name
neural_performance,0.135755528,0.131504111,Inf,84681_1
neural_performance,0.133050012,0.128667647,Inf,5198_1
neural_performance,0.135696458,0.13144861,Inf,5199_1
neural_performance,0.135514892,0.131204905,Inf,5286_1
neural_performance,0.136882233,0.132650989,Inf,5290_1
neural_performance,0.134632789,0.130354902,Inf,5304_1
neural_performance,0.135630026,0.131394293,Inf,5304_3
neural_performance,0.136125306,0.131675939,Inf,5306_1
neural_performance,0.135729845,0.13143977,Inf,5308_1
neural_performance,0.131310913,0.126770308,Inf,5310_1
neural_performance,0.13513495,0.130757767,Inf,5311_1
neural_performance,0.129216453,0.124517749,Inf,5313_1
neural_performance,0.136493851,0.132249414,Inf,5314_1
neural_performance,0.134966161,0.130476195,Inf,5316_1
neural_performance,0.13582417,0.131547048,Inf,5318_1
neural_performance,0.133577356,0.129303021,Inf,5318_1
neural_performance,0.13505503,0.130801025,Inf,5322_1
neural_performance,0.13622458,0.13197227,Inf,5323_1
neural_performance,0.141814165,0.137552958,Inf,5325_1
neural_performance,0.134776215,0.130474799,Inf,5329_1
neural_performance,0.136045355,0.131829306,Inf,5332_1
neural_performance,0.134781433,0.13053006,Inf,5333_1
neural_performance,0.135450354,0.13107812,Inf,5335_1
neural_performance,0.134442828,0.129739753,Inf,5340_1
neural_performance,0.137497626,0.133215007,Inf,5351_1
neural_performance,0.136035306,0.131780819,Inf,5352_1
neural_performance,0.135126488,0.130841499,Inf,5355_1
neural_performance,0.135738831,0.131472332,Inf,5356_1
neural_performance,0.139030663,0.134713289,Inf,5357_1
neural_performance,0.128661657,0.123881288,Inf,5358_1
neural_performance,0.1363541,0.13211394,Inf,28096_1
neural_performance,0.135535579,0.131244365,Inf,28096_4
neural_performance,0.135454766,0.131128223,Inf,28108_3
neural_performance,0.135109645,0.130857077,Inf,28161_1
neural_performance,0.134815077,0.130326328,Inf,28162_1
neural_performance,0.132332675,0.127921755,Inf,28168_1
neural_performance,0.133596061,0.129322509,Inf,28168_4
neural_performance,0.13370749,0.1294273,Inf,30602_1
neural_performance,0.133629502,0.129305234,Inf,75689_1
neural_performance,0.135740317,0.131470617,Inf,75690_1
neural_performance,0.139176728,0.134919665,Inf,75691_1
neural_performance,0.136281836,0.13203222,Inf,75692_1
neural_performance,0.132591684,0.128007413,Inf,75693_1
neural_performance,0.135354063,0.131079958,Inf,75694_1
neural_performance,0.134940926,0.130659393,Inf,75696_1
neural_performance,0.135488966,0.131184729,Inf,75696_2
neural_performance,0.135395386,0.129954764,Inf,75697_1
neural_performance,0.135944676,0.131702844,Inf,75698_1
neural_performance,0.136834272,0.13078258,Inf,75699_1
neural_performance,0.13696591,0.132720804,Inf,75700_1
neural_performance,0.134405209,0.130129629,Inf,75701_1
neural_performance,0.134721816,0.130427575,Inf,75702_1
neural_performance,0.127549249,0.123098798,Inf,75703_1
neural_performance,0.136358596,0.131988895,Inf,75704_1
neural_performance,0.136365076,0.13210422,Inf,75705_1
neural_performance,0.13583759,0.131576987,Inf,75706_1
neural_performance,0.135908787,0.131677791,Inf,75707_1
neural_performance,0.13516059,0.130998259,Inf,75708_1
neural_performance,0.136204094,0.131929456,Inf,75709_1
neural_performance,0.135803659,0.131542009,Inf,75710_1
neural_performance,0.131066977,0.125574755,Inf,75711_1
neural_performance,0.137160335,0.132814248,Inf,75712_1
neural_performance,0.136187388,0.131828582,Inf,75713_1
neural_performance,0.135038146,0.130790682,Inf,75714_1
neural_performance,0.133980913,0.12953324,Inf,75715_1
neural_performance,0.131887422,0.127591159,Inf,75716_1
neural_performance,0.133828817,0.129333309,Inf,75717_1
neural_performance,0.136399996,0.132197,Inf,75718_1
neural_performance,0.135218604,0.130937113,Inf,75719_1
neural_performance,0.135850392,0.131591975,Inf,75720_1
neural_performance,0.134413975,0.129730082,Inf,75721_1
neural_performance,0.138037749,0.133941796,Inf,77662_2
neural_performance,0.135400989,0.131120262,Inf,81909_1
neural_performance,0.135207528,0.130819889,Inf,82254_1
neural_performance,0.135037955,0.130757365,Inf,83427_1
,,,,